{
  "best_times": [
    2.652199029922486,
    2.123164176940918,
    3.8849010467529297,
    2.477860927581787,
    2.616316080093384
  ],
  "best_total_time": 43.95204019546509
}