{
  "best_times": [
    2.1973462104797363,
    1.6911540031433103,
    3.024863004684448,
    2.477860927581787,
    2.616316080093384
  ],
  "best_total_time": 43.95204019546509
}